"Cluster","Avg_Recency","Avg_Frequency","Avg_Monetary","Count"
1,247.272271090535,27.7490740740741,636.501112037037,1080
2,41.3608510957028,103.102003081664,2029.10590847458,3245
3,4.48429487179487,2565.30769230769,126118.31,13
